{
  "configVersion": 1,
  "timestamp": 1584819879481,
  "index": "/index.html",
  "assetGroups": [
    {
      "name": "app",
      "installMode": "prefetch",
      "updateMode": "prefetch",
      "urls": [
        "/favicon.ico",
        "/index.html",
        "/main.20b8e9f938c6b8bb026a.js",
        "/manifest.webmanifest",
        "/polyfills-es5.d6926b75b5dd72b447b6.js",
        "/polyfills.e5eef260008d5514eb7b.js",
        "/runtime.741402d1d47331ce975c.js",
        "/scripts.ea9a7b51b5073e2a08c5.js",
        "/styles.201991dfd109798e5089.css"
      ],
      "patterns": []
    },
    {
      "name": "assets",
      "installMode": "lazy",
      "updateMode": "prefetch",
      "urls": [
        "/assets/fonts/._.DS_Store",
        "/assets/fonts/._ProductSans-Light.eot",
        "/assets/fonts/._ProductSans-Light.svg",
        "/assets/fonts/._ProductSans-Light.ttf",
        "/assets/fonts/._ProductSans-Light.woff",
        "/assets/fonts/._ProductSans-Light.woff2",
        "/assets/fonts/._ProductSans-Thin.eot",
        "/assets/fonts/._ProductSans-Thin.svg",
        "/assets/fonts/._ProductSans-Thin.ttf",
        "/assets/fonts/._ProductSans-Thin.woff",
        "/assets/fonts/._ProductSans-Thin.woff2",
        "/assets/fonts/AbrilFatface-Regular.eot",
        "/assets/fonts/AbrilFatface-Regular.svg",
        "/assets/fonts/AbrilFatface-Regular.ttf",
        "/assets/fonts/AbrilFatface-Regular.woff",
        "/assets/fonts/GoogleSans-Bold.eot",
        "/assets/fonts/GoogleSans-Bold.svg",
        "/assets/fonts/GoogleSans-Bold.ttf",
        "/assets/fonts/GoogleSans-Bold.woff",
        "/assets/fonts/GoogleSans-Bold.woff2",
        "/assets/fonts/GoogleSans-Medium.eot",
        "/assets/fonts/GoogleSans-Medium.svg",
        "/assets/fonts/GoogleSans-Medium.ttf",
        "/assets/fonts/GoogleSans-Medium.woff",
        "/assets/fonts/GoogleSans-Medium.woff2",
        "/assets/fonts/GoogleSans-Regular.eot",
        "/assets/fonts/GoogleSans-Regular.svg",
        "/assets/fonts/GoogleSans-Regular.ttf",
        "/assets/fonts/GoogleSans-Regular.woff",
        "/assets/fonts/GoogleSans-Regular.woff2",
        "/assets/fonts/ProductSans-Black.woff",
        "/assets/fonts/ProductSans-BlackItalic.woff",
        "/assets/fonts/ProductSans-Bold.woff",
        "/assets/fonts/ProductSans-BoldItalic.woff",
        "/assets/fonts/ProductSans-Italic.woff",
        "/assets/fonts/ProductSans-Light.eot",
        "/assets/fonts/ProductSans-Light.svg",
        "/assets/fonts/ProductSans-Light.ttf",
        "/assets/fonts/ProductSans-Light.woff",
        "/assets/fonts/ProductSans-Light.woff2",
        "/assets/fonts/ProductSans-LightItalic.woff",
        "/assets/fonts/ProductSans-Medium.woff",
        "/assets/fonts/ProductSans-MediumItalic.woff",
        "/assets/fonts/ProductSans-Regular.woff",
        "/assets/fonts/ProductSans-Thin.eot",
        "/assets/fonts/ProductSans-Thin.svg",
        "/assets/fonts/ProductSans-Thin.ttf",
        "/assets/fonts/ProductSans-Thin.woff",
        "/assets/fonts/ProductSans-Thin.woff2",
        "/assets/fonts/ProductSans-ThinItalic.woff",
        "/assets/fonts/demo.html",
        "/assets/fonts/example.html",
        "/assets/fonts/googlesans-bold-webfont.ttf",
        "/assets/fonts/googlesans-bold-webfont.woff",
        "/assets/fonts/googlesans-bold-webfont.woff2",
        "/assets/fonts/googlesans-bolditalic-webfont.ttf",
        "/assets/fonts/googlesans-bolditalic-webfont.woff",
        "/assets/fonts/googlesans-bolditalic-webfont.woff2",
        "/assets/fonts/googlesans-italic-webfont.ttf",
        "/assets/fonts/googlesans-italic-webfont.woff",
        "/assets/fonts/googlesans-italic-webfont.woff2",
        "/assets/fonts/googlesans-medium-webfont.woff",
        "/assets/fonts/googlesans-medium-webfont.woff2",
        "/assets/fonts/googlesans-mediumitalic-webfont.ttf",
        "/assets/fonts/googlesans-mediumitalic-webfont.woff",
        "/assets/fonts/googlesans-mediumitalic-webfont.woff2",
        "/assets/fonts/googlesans-regular-webfont.woff",
        "/assets/fonts/googlesans-regular-webfont.woff2",
        "/assets/fonts/style.css",
        "/assets/fonts/stylesheet.css",
        "/assets/i18n/de-lang.json",
        "/assets/i18n/en-lang.json",
        "/assets/icons/icon-128x128.png",
        "/assets/icons/icon-144x144.png",
        "/assets/icons/icon-152x152.png",
        "/assets/icons/icon-192x192.png",
        "/assets/icons/icon-384x384.png",
        "/assets/icons/icon-512x512.png",
        "/assets/icons/icon-72x72.png",
        "/assets/icons/icon-96x96.png",
        "/assets/images/Cycling-active.svg",
        "/assets/images/Cycling-inactive.svg",
        "/assets/images/Details_bg.png",
        "/assets/images/Details_bg.svg",
        "/assets/images/Details_bg@2x.png",
        "/assets/images/Details_bg@3x.png",
        "/assets/images/Hiking-active.svg",
        "/assets/images/Hiking-inactive.svg",
        "/assets/images/Running-active.svg",
        "/assets/images/Running-inactive.svg",
        "/assets/images/Swimming-active.svg",
        "/assets/images/Swimming-inactive.svg",
        "/assets/images/add-place.svg",
        "/assets/images/addspot.svg",
        "/assets/images/ads.jpg",
        "/assets/images/ads.png",
        "/assets/images/ads@2x.png",
        "/assets/images/ads@3x.png",
        "/assets/images/arrow-left.png",
        "/assets/images/arrow-right.png",
        "/assets/images/authentication/bg-registr.png",
        "/assets/images/authentication/bg-registr@2x.png",
        "/assets/images/authentication/bg-registr@3x.png",
        "/assets/images/authentication/mobile-registr.png",
        "/assets/images/authentication/mobile-registr2x.png",
        "/assets/images/authentication/mobile-registr3x.png",
        "/assets/images/backpack.svg",
        "/assets/images/banner.jpg",
        "/assets/images/c-vodeo-cam.svg",
        "/assets/images/c-white-logo.svg",
        "/assets/images/camera-icon.svg",
        "/assets/images/campfire-ic.svg",
        "/assets/images/cancel.svg",
        "/assets/images/care-link.svg",
        "/assets/images/care.png",
        "/assets/images/cycling-ic-active.svg",
        "/assets/images/detailed-image.jpg",
        "/assets/images/drop-down.svg",
        "/assets/images/facebook.svg",
        "/assets/images/filter-icons/campfire-ic.svg",
        "/assets/images/filter-icons/filter-results-button.svg",
        "/assets/images/filter-icons/fire.svg",
        "/assets/images/filter-icons/hiking-ic.svg",
        "/assets/images/filter-icons/ic-animal.svg",
        "/assets/images/filter-icons/ic.svg",
        "/assets/images/filter-icons/runningic.svg",
        "/assets/images/filter-icons/swimmingic.svg",
        "/assets/images/find-route-draw.svg",
        "/assets/images/fire-active-2-2.svg",
        "/assets/images/fire-inactive.svg",
        "/assets/images/fire.svg",
        "/assets/images/ic-dog.svg",
        "/assets/images/ic-location-dark-blue.svg",
        "/assets/images/ic-location-gray.svg",
        "/assets/images/ic-location-light.svg",
        "/assets/images/ic-location-orange.svg",
        "/assets/images/ic-location.svg",
        "/assets/images/ic-locationbutton.svg",
        "/assets/images/ic-phone.svg",
        "/assets/images/ic-restaurants.svg",
        "/assets/images/ic-sand.svg",
        "/assets/images/ic-search-white.svg",
        "/assets/images/ic-shadow.svg",
        "/assets/images/ic-site.svg",
        "/assets/images/ic-toilet.svg",
        "/assets/images/ic-wave.svg",
        "/assets/images/icon-img-placeholder.svg",
        "/assets/images/illustartion.png",
        "/assets/images/illustartion.svg",
        "/assets/images/illustartion@2x.png",
        "/assets/images/img-blog-2.jpg",
        "/assets/images/img-blog-3.jpg",
        "/assets/images/img-blog.jpg",
        "/assets/images/img-blog.svg",
        "/assets/images/img-profile.jpg",
        "/assets/images/img-profile@2x.jpg",
        "/assets/images/intro_cover.jpg",
        "/assets/images/intro_cover@2x.jpg",
        "/assets/images/intro_cover@3x.jpg",
        "/assets/images/kids-path-ic-active.svg",
        "/assets/images/kids-path-ic-inactive.svg",
        "/assets/images/language.svg",
        "/assets/images/linked-in.svg",
        "/assets/images/local-hero-logo.png",
        "/assets/images/local-hero-logo.svg",
        "/assets/images/location-icon.svg",
        "/assets/images/location-pin.png",
        "/assets/images/logo.svg",
        "/assets/images/logo1.svg",
        "/assets/images/logo2.svg",
        "/assets/images/logo3.svg",
        "/assets/images/logo4.svg",
        "/assets/images/logo5.svg",
        "/assets/images/logo@2x.png",
        "/assets/images/logo@3x.png",
        "/assets/images/myself.svg",
        "/assets/images/near-me.svg",
        "/assets/images/no-internet.jpg",
        "/assets/images/not-found.svg",
        "/assets/images/out-door-family-logo-white.svg",
        "/assets/images/out-door-family.svg",
        "/assets/images/outdoor-family.svg",
        "/assets/images/outdoor-furniture.jpg",
        "/assets/images/paw-active.svg",
        "/assets/images/paw-inactive.svg",
        "/assets/images/paw.svg",
        "/assets/images/photo.svg",
        "/assets/images/pin.png",
        "/assets/images/placeholder.png",
        "/assets/images/playground-active.svg",
        "/assets/images/playground-ic-inactive.svg",
        "/assets/images/playground-inactive.svg",
        "/assets/images/playground.svg",
        "/assets/images/plus.svg",
        "/assets/images/portfolio-header.jpg",
        "/assets/images/post-2.png",
        "/assets/images/post-2@2x.png",
        "/assets/images/post-2@3x.png",
        "/assets/images/profile-page-old.jpg",
        "/assets/images/profile-page.jpg",
        "/assets/images/profile-page.png",
        "/assets/images/profile-page@2x.png",
        "/assets/images/profile-page@3x.png",
        "/assets/images/review.svg",
        "/assets/images/reviews.png",
        "/assets/images/right-arrow.svg",
        "/assets/images/router.png",
        "/assets/images/run.svg",
        "/assets/images/side-menu-img.jpg",
        "/assets/images/side-menu-img.png",
        "/assets/images/slider.svg",
        "/assets/images/star.svg",
        "/assets/images/swim.svg",
        "/assets/images/thank-you-bg.svg",
        "/assets/images/travel-24-px-glyph-backpack.svg",
        "/assets/images/travel-24-px-outline-fire.svg",
        "/assets/images/trend.svg",
        "/assets/images/twitter.svg",
        "/assets/images/user-placeholder.-oldpng",
        "/assets/images/user-placeholder.png",
        "/assets/images/white-logo.svg",
        "/assets/images/who-we-are.png",
        "/drop-down.c1857efe24bb7f79ef6c.svg",
        "/fontawesome-webfont.674f50d287a8c48dc19b.eot",
        "/fontawesome-webfont.912ec66d7572ff821749.svg",
        "/fontawesome-webfont.af7ae505a9eed503f8b8.woff2",
        "/fontawesome-webfont.b06871f281fee6b241d6.ttf",
        "/fontawesome-webfont.fee66e712a8a08eef580.woff",
        "/ic-location-light.aedabdc6c400cd7d5ec6.svg",
        "/owl.video.play.4a37f8008959c75f619b.png",
        "/portfolio-header.ba92ad66e6a08b17c25e.jpg",
        "/who-we-are.de9eaae97060c34b8831.png"
      ],
      "patterns": []
    }
  ],
  "dataGroups": [
    {
      "name": "posts",
      "patterns": [
        "https:\\/\\/sta-odf\\.hosting\\.modeso\\.ch\\/wp-json\\/.*"
      ],
      "strategy": "freshness",
      "maxSize": 20,
      "maxAge": 3600000,
      "timeoutMs": 10000,
      "version": 1
    }
  ],
  "hashTable": {
    "/assets/fonts/._.DS_Store": "c1f453f8a35c6a455bc2c9d53ef88020fc2d5e82",
    "/assets/fonts/._ProductSans-Light.eot": "ca32bf612d98235720a7177b17dbc9d0d377ff2b",
    "/assets/fonts/._ProductSans-Light.svg": "ca32bf612d98235720a7177b17dbc9d0d377ff2b",
    "/assets/fonts/._ProductSans-Light.ttf": "ca32bf612d98235720a7177b17dbc9d0d377ff2b",
    "/assets/fonts/._ProductSans-Light.woff": "ca32bf612d98235720a7177b17dbc9d0d377ff2b",
    "/assets/fonts/._ProductSans-Light.woff2": "ca32bf612d98235720a7177b17dbc9d0d377ff2b",
    "/assets/fonts/._ProductSans-Thin.eot": "ca32bf612d98235720a7177b17dbc9d0d377ff2b",
    "/assets/fonts/._ProductSans-Thin.svg": "ca32bf612d98235720a7177b17dbc9d0d377ff2b",
    "/assets/fonts/._ProductSans-Thin.ttf": "ca32bf612d98235720a7177b17dbc9d0d377ff2b",
    "/assets/fonts/._ProductSans-Thin.woff": "ca32bf612d98235720a7177b17dbc9d0d377ff2b",
    "/assets/fonts/._ProductSans-Thin.woff2": "ca32bf612d98235720a7177b17dbc9d0d377ff2b",
    "/assets/fonts/AbrilFatface-Regular.eot": "2f6e70cd47167fe4ce59d053e4b9f614b2a05aed",
    "/assets/fonts/AbrilFatface-Regular.svg": "8c08dcd34af1b0dd41f853cfadab90491bbd74a0",
    "/assets/fonts/AbrilFatface-Regular.ttf": "270f83ffce77240393c6bca8f0018c1c94862608",
    "/assets/fonts/AbrilFatface-Regular.woff": "2ad25a8b62ca3e8327b2a838773ff5914df3c777",
    "/assets/fonts/GoogleSans-Bold.eot": "37c0d2318575ae866739cd16c3043bedfb1e626f",
    "/assets/fonts/GoogleSans-Bold.svg": "28add0144cc01e2bf728335d114b984800dfe7bb",
    "/assets/fonts/GoogleSans-Bold.ttf": "c92f33df7c1a714abf82e8cc0b24832f0dd30f20",
    "/assets/fonts/GoogleSans-Bold.woff": "a88aa11440f82a1ea716a2827a26f794edb3db9c",
    "/assets/fonts/GoogleSans-Bold.woff2": "9731a95980993c1292501157cd2ad69af27dbd02",
    "/assets/fonts/GoogleSans-Medium.eot": "2826db81b18e6f0df8b8d8f0b4bb0f35a2068d9d",
    "/assets/fonts/GoogleSans-Medium.svg": "b79397eaf81261984e089aa689d789a8f6caf0ac",
    "/assets/fonts/GoogleSans-Medium.ttf": "87f32562785b98f689ac11537c0e93896b661509",
    "/assets/fonts/GoogleSans-Medium.woff": "4927d19f7a35a3d275ad0d84644d5f623208681a",
    "/assets/fonts/GoogleSans-Medium.woff2": "c11d189c5da4c61f70e109fe1982d66e934f6f11",
    "/assets/fonts/GoogleSans-Regular.eot": "417878fecc805ddfb49d0f3fb1d44c27c8e3acfe",
    "/assets/fonts/GoogleSans-Regular.svg": "3b72f73868d29c81c2b5ab7360d5de8f09904789",
    "/assets/fonts/GoogleSans-Regular.ttf": "66b6de76c17bbe25da96ac6e50bb3aab5d90ffd0",
    "/assets/fonts/GoogleSans-Regular.woff": "82270a4cfc81cd532106db5c429db40eceec9065",
    "/assets/fonts/GoogleSans-Regular.woff2": "d378269f6601648a6f3476ea11887bebc5790c38",
    "/assets/fonts/ProductSans-Black.woff": "030687a1ee0d195a4d75bd94d814899123f59e6d",
    "/assets/fonts/ProductSans-BlackItalic.woff": "6717b929d22654d7c97f7d2b8e6d9466cf1b06ca",
    "/assets/fonts/ProductSans-Bold.woff": "fed0969268a046cefc6b555198ff1305c8504e70",
    "/assets/fonts/ProductSans-BoldItalic.woff": "38dfc6c0a46622762a0e27866c495bd88a6c2262",
    "/assets/fonts/ProductSans-Italic.woff": "8393b9c279e56c4f314ce199325b8ab9a84d8ab0",
    "/assets/fonts/ProductSans-Light.eot": "334a37df44af49e771d285ec16920722132b026a",
    "/assets/fonts/ProductSans-Light.svg": "374bb3cfd3e7e9508f20a7673d97d2b6c40a8cb1",
    "/assets/fonts/ProductSans-Light.ttf": "c1543cecc43e393156c76d6bf5c76b2060967833",
    "/assets/fonts/ProductSans-Light.woff": "950a38c91f8df226a9fd3d24ea93bd316076b66f",
    "/assets/fonts/ProductSans-Light.woff2": "5068555e626d443e8921c8d635ceeded6bdc3a83",
    "/assets/fonts/ProductSans-LightItalic.woff": "1a82c0f197c2e3a31670df95f8ef484dbec2a0b3",
    "/assets/fonts/ProductSans-Medium.woff": "42557c302587b0c54642bd94fb37502c0304a27b",
    "/assets/fonts/ProductSans-MediumItalic.woff": "0a8bc65f4d5ab900b23f8fdff8d0780e44da76e7",
    "/assets/fonts/ProductSans-Regular.woff": "e4e316c0be44950eccd081a791ec01ea5e0b7499",
    "/assets/fonts/ProductSans-Thin.eot": "06cddb2f89c6ca5089bee7487cdc1560267ca176",
    "/assets/fonts/ProductSans-Thin.svg": "2b6f36b38c057f9538b2f8d5f04cae0ab5c7639a",
    "/assets/fonts/ProductSans-Thin.ttf": "791dda011ec1fd3d59d63af3a03ea894f79e64e6",
    "/assets/fonts/ProductSans-Thin.woff": "9afc8ee768098f735bfc31201e79b5365d291c19",
    "/assets/fonts/ProductSans-Thin.woff2": "5e801467de44fa13fb350936f38939ccc41f99ad",
    "/assets/fonts/ProductSans-ThinItalic.woff": "f8df2b853fea7b843c7394591e72ba8f3c76745a",
    "/assets/fonts/demo.html": "bd8abcf0496cb13155db084eddb85c9f8760bb57",
    "/assets/fonts/example.html": "5af53498be87d1847cc6063b42fbbc644f4f0b4e",
    "/assets/fonts/googlesans-bold-webfont.ttf": "41f7babb884558498c7b26a1576dbfd7c349f950",
    "/assets/fonts/googlesans-bold-webfont.woff": "6542b85fbb67e167b7ed8757776247d0b2083667",
    "/assets/fonts/googlesans-bold-webfont.woff2": "79f67ab26563814fcd49edab191f08f593f54762",
    "/assets/fonts/googlesans-bolditalic-webfont.ttf": "acfe70750783b3bb7bab23f04ef4818ee5f25e2f",
    "/assets/fonts/googlesans-bolditalic-webfont.woff": "0170700078212ca25ff001502949d06ed8c8bd88",
    "/assets/fonts/googlesans-bolditalic-webfont.woff2": "797674882951014e5870092f119a6c33a3c7ce5f",
    "/assets/fonts/googlesans-italic-webfont.ttf": "b01ca8e702de92a4c8d05524952d85d5af993007",
    "/assets/fonts/googlesans-italic-webfont.woff": "9c700ee34a346474f44f9287fb56e73e7521e1ee",
    "/assets/fonts/googlesans-italic-webfont.woff2": "16d38b3e3a5c5b73ee9617ef1ceecb8c5b19d8cd",
    "/assets/fonts/googlesans-medium-webfont.woff": "07d490abc3315b3c22fb70c82704393b761f5f12",
    "/assets/fonts/googlesans-medium-webfont.woff2": "7f5f7421462de1adc81d64a2e833b5b6c88c09d8",
    "/assets/fonts/googlesans-mediumitalic-webfont.ttf": "83424c9b5f6a99bfc6ca335ae9e5133edc53441e",
    "/assets/fonts/googlesans-mediumitalic-webfont.woff": "2c00f8b7986dff40d7369d7db77465837fd478be",
    "/assets/fonts/googlesans-mediumitalic-webfont.woff2": "bef94a191c0ee8e05533f2343838860cf26a2692",
    "/assets/fonts/googlesans-regular-webfont.woff": "24f02f170f71b8178cd3641e50c8694b2673bf9a",
    "/assets/fonts/googlesans-regular-webfont.woff2": "6b862e857a7fe8ad45a0896b0fc70e9b2832b5cc",
    "/assets/fonts/style.css": "73b5f17e9cad3e7c600794ff54406ba2e14cbf84",
    "/assets/fonts/stylesheet.css": "84eade3d8af45501c73c22143eb359f17beaaa93",
    "/assets/i18n/de-lang.json": "fcd7bca9c11e77651c15d96360c9931f0fa2f092",
    "/assets/i18n/en-lang.json": "e05ece81cd4fd8d68520a5d41e0a156395c14fed",
    "/assets/icons/icon-128x128.png": "8a7eea1442749f5cac7d2c4bdef5bf8c71d30342",
    "/assets/icons/icon-144x144.png": "182bdafa87260850e46015d7876234b3a87cdf19",
    "/assets/icons/icon-152x152.png": "57b33f4825257cad04e12cdee45439792c119834",
    "/assets/icons/icon-192x192.png": "f76756879d78301a05088fa52535cb2749420ab6",
    "/assets/icons/icon-384x384.png": "86551c7836dfdb0fbe8b1808e2557772b99aace3",
    "/assets/icons/icon-512x512.png": "eef21cf0997d7400c9ae5d8f11a31c7f7733c0f4",
    "/assets/icons/icon-72x72.png": "d83c3f343ff097da9f150ca934c3be0e723f4485",
    "/assets/icons/icon-96x96.png": "1f69881ac348669c8957d1ddea837d4f9714e932",
    "/assets/images/Cycling-active.svg": "a780b0c49b8774131cab99f46168e359c12600f4",
    "/assets/images/Cycling-inactive.svg": "88a587883d0f2cffbf9facf14bdbe2514a8ee6dc",
    "/assets/images/Details_bg.png": "ac32bfb48f03c4d10588b457ee048e1f86fe5533",
    "/assets/images/Details_bg.svg": "6dccaed69d1b4a4e92c6880f90e4c8e87d48628c",
    "/assets/images/Details_bg@2x.png": "f470ad1165b9e6c1920e7a540a8446fad34c225a",
    "/assets/images/Details_bg@3x.png": "c7bb8fe9323dcbef4c6f18d9a00457fab4a8070e",
    "/assets/images/Hiking-active.svg": "a55fb1d4251db0c59782345182eef7194fc3eb54",
    "/assets/images/Hiking-inactive.svg": "b86436700440a0275c20d61c427d3e273ccb52c7",
    "/assets/images/Running-active.svg": "156847145fc8a50dc1280127ce73cee2a289a5f3",
    "/assets/images/Running-inactive.svg": "fc99121e850aebc31dc03b4d497585ec350711f3",
    "/assets/images/Swimming-active.svg": "b97c10fad971d9a51522aa3713a36aadc6d9d4a3",
    "/assets/images/Swimming-inactive.svg": "9d11cc0f6858788e368a2439f8993a39843e1cb6",
    "/assets/images/add-place.svg": "4960d99e9e6f61ffe67ad962d278d83a8d0230a8",
    "/assets/images/addspot.svg": "c2284f99fd3bb370be6cf4f0b1f3882631aae268",
    "/assets/images/ads.jpg": "db50d4aafca031d604601eedc2367ef8abde204a",
    "/assets/images/ads.png": "a3607bc522ef1e9100837890279f0335ea79d74f",
    "/assets/images/ads@2x.png": "7dcdd2a5015158318c01636fbf04b5c7c28358ab",
    "/assets/images/ads@3x.png": "ae073f388b8ff2fc1e418af65200056b07c019c9",
    "/assets/images/arrow-left.png": "5c35655d5f4339e6630ed2f455b363b63687e0d7",
    "/assets/images/arrow-right.png": "e5f3c0010c4f2e738dbd49f72bb7a9bea8a97ac7",
    "/assets/images/authentication/bg-registr.png": "f1602383e33e5652002481d6c9a00aed461d2e5d",
    "/assets/images/authentication/bg-registr@2x.png": "0fd05f51703cf92686985a1229102a1d49f12eb3",
    "/assets/images/authentication/bg-registr@3x.png": "9b02a68966cb90eda873b318db1792cc72bc4eee",
    "/assets/images/authentication/mobile-registr.png": "c871521faab95730d91fb03a769538e1d144c6ff",
    "/assets/images/authentication/mobile-registr2x.png": "4eee432465b7276dc54974aa8561840fc50fde02",
    "/assets/images/authentication/mobile-registr3x.png": "0bbc36e2c08c541f61fe5d4fe9cc88215c72b60c",
    "/assets/images/backpack.svg": "02e1cfdd61f4f442eb6217ff798a69eec69d1e09",
    "/assets/images/banner.jpg": "5efa052c772dc023802eda0fb819646353729f01",
    "/assets/images/c-vodeo-cam.svg": "1e50ec945e17386b56f0a9f633059c2603c050b9",
    "/assets/images/c-white-logo.svg": "579e17f6031094e53b1218b20a6b5a7ee9767ce4",
    "/assets/images/camera-icon.svg": "4fcdfb38002b46a87fb0c0dfdc14d3723f29993a",
    "/assets/images/campfire-ic.svg": "26417201f3499b4737709a69372af5751042e209",
    "/assets/images/cancel.svg": "14c51b90c17512597f08ebba2da03af219c7949a",
    "/assets/images/care-link.svg": "063795e750ce019f4e0f708c45957690782faaa4",
    "/assets/images/care.png": "9fc0454efedfec8fa4435fbb29bbf122077c7185",
    "/assets/images/cycling-ic-active.svg": "cbba5acfef39d0bbc035e14fc4d43bfd173bb49f",
    "/assets/images/detailed-image.jpg": "3334502a3bff12a21777f5f03eae9e920f09ccec",
    "/assets/images/drop-down.svg": "44732776cb9d01da52b142e804f2329ffaeda024",
    "/assets/images/facebook.svg": "2ff42f8c07aa2a52a121df360310349263f66d84",
    "/assets/images/filter-icons/campfire-ic.svg": "26417201f3499b4737709a69372af5751042e209",
    "/assets/images/filter-icons/filter-results-button.svg": "4f9b54620a4634637ece9bde9bd8f79ef4481606",
    "/assets/images/filter-icons/fire.svg": "67f7cab183a32988271339b27a2ee25abfba7738",
    "/assets/images/filter-icons/hiking-ic.svg": "a588be53d13cf9c42be982cbfe3116b5c5f6d98c",
    "/assets/images/filter-icons/ic-animal.svg": "f8c8a4a2fd0b19d59cc2c7993e77a9333f85867d",
    "/assets/images/filter-icons/ic.svg": "d7c2405ce1e9a726316b63a0dfe6725088002ea0",
    "/assets/images/filter-icons/runningic.svg": "a5957d1dc6d04134c12ca232eeedcd9997e7df6d",
    "/assets/images/filter-icons/swimmingic.svg": "6299058cc87549f1ad53f008f836299f744d0251",
    "/assets/images/find-route-draw.svg": "416006764e4e45c2965fa5570258faae2bebadd8",
    "/assets/images/fire-active-2-2.svg": "0e1e18b2a9d414b1d97e6140b651cee4e5bbf917",
    "/assets/images/fire-inactive.svg": "57e6487939d4654891e3fd853eeede8f56372c15",
    "/assets/images/fire.svg": "0f35443dc5483469e8ea5310bf1f738de08ee34c",
    "/assets/images/ic-dog.svg": "5c42280099fe66fa02047bf64f7316e461606764",
    "/assets/images/ic-location-dark-blue.svg": "a77330e170a33da7bee3710fa9da97177b16ab9c",
    "/assets/images/ic-location-gray.svg": "feee554d09e5db1faabb3010ef19ac010d32912b",
    "/assets/images/ic-location-light.svg": "a21194e9fa8f058a1935915579311b5801fb2846",
    "/assets/images/ic-location-orange.svg": "30335a3b54d25a53ba984d23c77d7741f19dccf6",
    "/assets/images/ic-location.svg": "33ff88cddf0cdc93abeac16d2debf037b087718d",
    "/assets/images/ic-locationbutton.svg": "ba94240cf834ac518e66cc20bceaec55634e0bda",
    "/assets/images/ic-phone.svg": "143953775610514128d735f05669b9ef5eafb6fe",
    "/assets/images/ic-restaurants.svg": "184de34c197298bc7954fe05096a76d250d1ee4f",
    "/assets/images/ic-sand.svg": "ec3b950c0b21f85d35433b813ae76b7f78aac016",
    "/assets/images/ic-search-white.svg": "c0e617d5649d20b52011f279ff9105eeac2a3512",
    "/assets/images/ic-shadow.svg": "d1a49e910793322520b17c44b752b1c92b08e6d6",
    "/assets/images/ic-site.svg": "b369ce44036355de4581c93ee9f4c15507b4ab44",
    "/assets/images/ic-toilet.svg": "c58555634867f209b25f9f72e9e14537507fa198",
    "/assets/images/ic-wave.svg": "5b38fd2ab9fc43dae0d383ef6be5f400a202d481",
    "/assets/images/icon-img-placeholder.svg": "de8fb2c5fb5df79d50badc95b64df770063f6c69",
    "/assets/images/illustartion.png": "db4b4c4c267da5bd1e26905dbf3fd052d62897ac",
    "/assets/images/illustartion.svg": "644da075fb355a3f0f551ed2746cec7165e6600e",
    "/assets/images/illustartion@2x.png": "b6520fbc90b79866a1eed0cd2fe309e4aa9cf308",
    "/assets/images/img-blog-2.jpg": "77cb3847ecd7081b1aaad07f40a20a098294b8b5",
    "/assets/images/img-blog-3.jpg": "7e671f3f2c919def829ebe697ac691aaa21e4212",
    "/assets/images/img-blog.jpg": "27cc5a8d735272d057c2b2c8588034fc0f99fe03",
    "/assets/images/img-blog.svg": "7ab8d9826d3d6cc4db5a9a28fac655d59234405a",
    "/assets/images/img-profile.jpg": "a8a0f7a2a93bf2a76f68dba2df02313f9495eafd",
    "/assets/images/img-profile@2x.jpg": "d8d295416ed2df25cbd57481fef31f20abf62086",
    "/assets/images/intro_cover.jpg": "a274fc831a306d29d539f699cb3ead571613f8d8",
    "/assets/images/intro_cover@2x.jpg": "4c38bf5bc7342e1a0c8878e2adc646872833246f",
    "/assets/images/intro_cover@3x.jpg": "2ac503f01147dd9fb0db6a618537f2bbe7270436",
    "/assets/images/kids-path-ic-active.svg": "07ea89d58591cc13a095448d3e77407999bb2725",
    "/assets/images/kids-path-ic-inactive.svg": "40d518673ca123c82f4d78a9db0b6469a71d30ce",
    "/assets/images/language.svg": "e0270d5fa0539073cfc57903efb17bf69b4dc243",
    "/assets/images/linked-in.svg": "fbb1a95b9abb6717abf017c63fcc0efcc005a118",
    "/assets/images/local-hero-logo.png": "1b9ca21a10e0f94949de26441f983c3557990b17",
    "/assets/images/local-hero-logo.svg": "e2d9726533c1faa99682d86abf57e1659be96207",
    "/assets/images/location-icon.svg": "e3166e451066fb20a166c230cf18e40f338860ea",
    "/assets/images/location-pin.png": "b45be81dfb93703236bec354d044e76c9056caa7",
    "/assets/images/logo.svg": "6e390658c9c9a362d7be9ffdd4a6a6abeea51028",
    "/assets/images/logo1.svg": "adf5002e227307130f94ae2a0f409038b3455459",
    "/assets/images/logo2.svg": "09c9d9c602aa6763c7cace639e6a5cd9c3a0d5d1",
    "/assets/images/logo3.svg": "7917eb2d91662d286df1937edb42ec9adc511260",
    "/assets/images/logo4.svg": "eab14da5795861c259c133dc6bf4fbf5d32be42f",
    "/assets/images/logo5.svg": "d9c3e8ded8e52aad63ac31bfd98ac4c40bc164ff",
    "/assets/images/logo@2x.png": "a7ca62bbc6ba9244e632b5702a01a3d18f1efb78",
    "/assets/images/logo@3x.png": "a1239ef80c93386d06b4fc4e1c5a7878b50a1598",
    "/assets/images/myself.svg": "b74514b3568170012149dba7ca689ab1fe1b1331",
    "/assets/images/near-me.svg": "8fdd363a70ca012bdfa50906972a65af645cdbd7",
    "/assets/images/no-internet.jpg": "ff5861b4cce6037ea129a4e7cedf6e51f1320029",
    "/assets/images/not-found.svg": "644da075fb355a3f0f551ed2746cec7165e6600e",
    "/assets/images/out-door-family-logo-white.svg": "1604e4489b2f8e48333becc986c026866bad34b7",
    "/assets/images/out-door-family.svg": "d1ecb03161fa4882ed50ba33216d0ec223fdd6d8",
    "/assets/images/outdoor-family.svg": "648944522447e80c8de02da98fa0bceaf1c4a5f5",
    "/assets/images/outdoor-furniture.jpg": "57902d9ec756bd998c74167db92ce081bcb0dd2b",
    "/assets/images/paw-active.svg": "6a5e4ca932ef770e720961067f6b2c92151c3330",
    "/assets/images/paw-inactive.svg": "752c2892e5638e99572b4d2d9e1854df5d4235e0",
    "/assets/images/paw.svg": "752c2892e5638e99572b4d2d9e1854df5d4235e0",
    "/assets/images/photo.svg": "464f862b77c7150f36bdb6619381f5b86d0227a4",
    "/assets/images/pin.png": "98492da92a1810c6ea06c75a64ccf7c813495c1c",
    "/assets/images/placeholder.png": "174961b16ad3f50eb5a19db19d399eed01075816",
    "/assets/images/playground-active.svg": "4be468844087494f95fd6a5a40010b907b703d19",
    "/assets/images/playground-ic-inactive.svg": "480e65b02f469719fe9704e3900c5b20c4948d5a",
    "/assets/images/playground-inactive.svg": "9b1175a2064fb7f1d49cac835d78e176be04f34c",
    "/assets/images/playground.svg": "9b1175a2064fb7f1d49cac835d78e176be04f34c",
    "/assets/images/plus.svg": "af6a8d05d1047b5637c934dfdb56ec2d80707317",
    "/assets/images/portfolio-header.jpg": "360dad82fed184497e0e40aa10b81d439c32dd8e",
    "/assets/images/post-2.png": "9098d62e922c9a2fa4e82d7362b90024f34e090e",
    "/assets/images/post-2@2x.png": "0090569c78d43f6339aadef89cb3409c12f5e2fd",
    "/assets/images/post-2@3x.png": "26c646eae4a8f92833a91b210f1e59ad31652a24",
    "/assets/images/profile-page-old.jpg": "a0725cf98d9bb33434c5c86bb900688b39bf506e",
    "/assets/images/profile-page.jpg": "a0725cf98d9bb33434c5c86bb900688b39bf506e",
    "/assets/images/profile-page.png": "b379347673519a26b924e0468517e4290ad641bf",
    "/assets/images/profile-page@2x.png": "801a902837c9c324c28a1a30c9394d6df7e58ac5",
    "/assets/images/profile-page@3x.png": "aa2978d0de04e1a99a9ee3b26b5ce2ed810c9a61",
    "/assets/images/review.svg": "b201a42ae0899e618667dad83910ca74a3870830",
    "/assets/images/reviews.png": "858e154705a29c012bfc1f1d059e432b52bffbad",
    "/assets/images/right-arrow.svg": "8319cc2ae28f1b1e54dd524f7037e094bc8f18c6",
    "/assets/images/router.png": "e26fe0a868da9f11a7f854bb59323c3dbd8464d3",
    "/assets/images/run.svg": "fc99121e850aebc31dc03b4d497585ec350711f3",
    "/assets/images/side-menu-img.jpg": "0e8eb15b59700cea095f7ebcf026f528d3f3b724",
    "/assets/images/side-menu-img.png": "e56bbe5ec75cd2761eccb58f07807f3dffa21592",
    "/assets/images/slider.svg": "2bb068433943787509c140afd2fbffb241f09834",
    "/assets/images/star.svg": "c21542f9a7637cf078c4f667f43f621015f5f929",
    "/assets/images/swim.svg": "9d11cc0f6858788e368a2439f8993a39843e1cb6",
    "/assets/images/thank-you-bg.svg": "d32ea44fe8556bad965d5ce8ff19649c7a37fa3f",
    "/assets/images/travel-24-px-glyph-backpack.svg": "a55fb1d4251db0c59782345182eef7194fc3eb54",
    "/assets/images/travel-24-px-outline-fire.svg": "e5e85393b7c2d7924b8b18e666e2ca7fc7c26536",
    "/assets/images/trend.svg": "0e1e18b2a9d414b1d97e6140b651cee4e5bbf917",
    "/assets/images/twitter.svg": "df242ed4eda7aa6c9bf1a41a3ecaa4be14633209",
    "/assets/images/user-placeholder.-oldpng": "46a3136f5556a2b0a352e134f05f18374300c325",
    "/assets/images/user-placeholder.png": "3aa1082c6e9a634e28383f220f6522654a196009",
    "/assets/images/white-logo.svg": "f2332901f7823365b4cdc775bf894e21ec37c698",
    "/assets/images/who-we-are.png": "5c24310986b09c6f129b87c1c664d73869e062c1",
    "/drop-down.c1857efe24bb7f79ef6c.svg": "44732776cb9d01da52b142e804f2329ffaeda024",
    "/favicon.ico": "a2901e4a369eeaeceeead6c9891f286174a90e05",
    "/fontawesome-webfont.674f50d287a8c48dc19b.eot": "d980c2ce873dc43af460d4d572d441304499f400",
    "/fontawesome-webfont.912ec66d7572ff821749.svg": "98a8aa5cf7d62c2eff5f07ede8d844b874ef06ed",
    "/fontawesome-webfont.af7ae505a9eed503f8b8.woff2": "d6f48cba7d076fb6f2fd6ba993a75b9dc1ecbf0c",
    "/fontawesome-webfont.b06871f281fee6b241d6.ttf": "13b1eab65a983c7a73bc7997c479d66943f7c6cb",
    "/fontawesome-webfont.fee66e712a8a08eef580.woff": "28b782240b3e76db824e12c02754a9731a167527",
    "/ic-location-light.aedabdc6c400cd7d5ec6.svg": "a21194e9fa8f058a1935915579311b5801fb2846",
    "/index.html": "2fd4fbe4cfda6ef3cd46ccc79af5ff7898ed3ba4",
    "/main.20b8e9f938c6b8bb026a.js": "b06ed50e273f678b0abe4e5cf5a4843c9039d34f",
    "/manifest.webmanifest": "bf1727d4baf4f93c754550160bfe8e2bb078281c",
    "/owl.video.play.4a37f8008959c75f619b.png": "c0d64356ec2758cb280d183b4829c923e5ff61e5",
    "/polyfills-es5.d6926b75b5dd72b447b6.js": "12581b758d487614c00f3c198eada3d463651d96",
    "/polyfills.e5eef260008d5514eb7b.js": "df37fb9005533e7beafa8777055b120733793167",
    "/portfolio-header.ba92ad66e6a08b17c25e.jpg": "360dad82fed184497e0e40aa10b81d439c32dd8e",
    "/runtime.741402d1d47331ce975c.js": "b62956c2192bfe5516d6374e753773901ed50ec5",
    "/scripts.ea9a7b51b5073e2a08c5.js": "78726d59af8d2ec46e75835e13534b5790de34ba",
    "/styles.201991dfd109798e5089.css": "07ee5315593957a766a6329d971fa3d5eb74074d",
    "/who-we-are.de9eaae97060c34b8831.png": "5c24310986b09c6f129b87c1c664d73869e062c1"
  },
  "navigationUrls": [
    {
      "positive": true,
      "regex": "^\\/.*$"
    },
    {
      "positive": false,
      "regex": "^\\/(?:.+\\/)?[^/]*\\.[^/]*$"
    },
    {
      "positive": false,
      "regex": "^\\/(?:.+\\/)?[^/]*__[^/]*$"
    },
    {
      "positive": false,
      "regex": "^\\/(?:.+\\/)?[^/]*__[^/]*\\/.*$"
    }
  ]
}